,min,q5,q25,q50,q75,q95,max,mean,std,nash
USGS,0.11516129032258064,0.385225806451613,7.86483870967742,447.06935483870967,1525.1443548387097,2044.7397849462366,2487.3333333333335,740.5723743274419,775.8602303161773,-999.99
PCR_GLOB,149.61314392089844,303.11449432373047,2313.182861328125,5135.3251953125,8502.56640625,14837.51049804687,21861.3203125,6095.92431640625,4634.951171875,-80.76901737107795
RGB_Futures,0.0,145.16129032258064,300.0,1161.2903225806451,1650.0,4500.0,4500.0,1290.416004555326,1150.2548019825233,-0.8000491113696975
