,min,q5,q25,q50,q75,q95,max,mean,std,nash
USGS,0.18774193548387097,0.5235483870967742,1.7911290322580644,579.8166666666666,1462.508064516129,2014.1532258064517,2383.0,747.2853199143738,750.9090102972933,-999.99
PCR_GLOB,9.378087043762207,59.27683639526367,1794.5194091796875,4480.862548828125,7119.89599609375,10720.5478515625,19984.869140625,4804.04248046875,3673.621337890625,-51.502411453755386
RGB_Futures,0.0,0.0,145.16129032258064,1238.5689706026633,1677.86415180107,4340.885529945119,4500.0,1281.235689215531,1178.108962764059,-0.8542068604341382
