,min,q5,q25,q50,q75,q95,max,mean,std,nash
USGS,0.11516129032258064,0.385225806451613,7.86483870967742,447.06935483870967,1525.1443548387097,2044.7397849462366,2487.3333333333335,740.5723743274419,775.8602303161773,-999.99
RGB_Futures,0.0,145.16129032258064,300.0,1161.2903225806451,1650.0,4500.0,4500.0,1290.416004555326,1150.2548019825233,-0.8000491113696975
PCR_GLOB,0.021970193833112717,1.1180535316467286,7.412698149681091,24.89378547668457,59.86107063293457,135.14634094238255,290.5643615722656,43.28621292114258,51.2250862121582,-0.8128367950617597
