,min,q5,q25,q50,q75,q95,max,mean,std,nash
USGS,0.0,0.0,0.00952812067204301,4.682268858064516,54.47472389193549,287.61610653790325,2071.3185261290323,62.41305693538599,157.7622420470637,-999.99
PCR_GLOB,108.69966888427734,638.1161193847656,2342.5359497070312,5185.8330078125,9361.1318359375,17098.375,30921.0625,6412.0771484375,5292.54541015625,-2710.743431190721
