,min,q5,q25,q50,q75,q95,max,mean,std,nash
USGS,0.11516129032258064,0.385225806451613,7.86483870967742,447.06935483870967,1525.1443548387097,2044.7397849462366,2487.3333333333335,740.5723743274419,775.8602303161773,-999.99
RGB_Futures,0.0,145.16129032258064,300.0,1161.2903225806451,1650.0,4500.0,4500.0,1290.416004555326,1150.2548019825233,-0.8000491113696975
PCR_GLOB,0.0,0.5188695952296258,2.7531126141548157,9.283390522003174,20.784707069396973,56.19925556182858,141.30343627929688,16.62900733947754,21.744840621948242,-0.8745327278517923
