,min,q5,q25,q50,q75,q95,max,mean,std,nash
USGS,546.6699251612904,744.2802686688173,1119.5088577419353,1494.8325680645162,1960.9832086612903,4843.358613516123,10465.043651612903,1937.4815575693992,1611.238235744106,-999.99
RGB_Futures,320.0,626.7060256785769,1176.281280211103,1523.2356016544095,1858.9486937708523,5006.448379420143,11623.775156613596,1886.7039719030083,1655.775004444202,0.8739524001743596
PCR_GLOB,0.0,0.5188695952296258,2.7531126141548157,9.283390522003174,20.784707069396973,56.19925556182858,141.30343627929688,16.62900733947754,21.744840621948242,-1.4317212446169947
