,min,q5,q25,q50,q75,q95,max,mean,std,nash
USGS,0.18774193548387097,0.5235483870967742,1.7911290322580644,579.8166666666666,1462.508064516129,2014.1532258064517,2383.0,747.2853199143738,750.9090102972933,-999.99
RGB_Futures,0.0,0.0,145.16129032258064,1238.5689706026633,1677.86415180107,4340.885529945119,4500.0,1281.235689215531,1178.108962764059,-0.8542068604341382
PCR_GLOB,0.00010460752673679963,0.23692557960748672,6.61661422252655,21.582721710205078,60.65194320678711,218.9972152709961,439.26922607421875,51.90503692626953,77.47724151611328,-0.8541439901871104
